{
  "project_info": {
    "project_number": "994756896754",
    "project_id": "nimbly-e2ff1",
    "storage_bucket": "nimbly-e2ff1.appspot.com"
  },
  "client": [
    {
      "client_info": {
        "mobilesdk_app_id": "1:994756896754:android:9777f35a2e8db65eb6ed6b",
        "android_client_info": {
          "package_name": "com.example.bottomnavigation"
        }
      },
      "oauth_client": [],
      "api_key": [
        {
          "current_key": "AIzaSyCiOP54-rjcBbCItH82wesi1uzHj55CZ0E"
        }
      ],
      "services": {
        "appinvite_service": {
          "other_platform_oauth_client": []
        }
      }
    },
    {
      "client_info": {
        "mobilesdk_app_id": "1:994756896754:android:7cd0cea8e0fba250b6ed6b",
        "android_client_info": {
          "package_name": "com.example.nimbly"
        }
      },
      "oauth_client": [],
      "api_key": [
        {
          "current_key": "AIzaSyCiOP54-rjcBbCItH82wesi1uzHj55CZ0E"
        }
      ],
      "services": {
        "appinvite_service": {
          "other_platform_oauth_client": []
        }
      }
    }
  ],
  "configuration_version": "1"
}